,Breaking&Entering,Stated intent with partner,Happened at night,Elements of assault identified,Elements of theft identified,Race,Stage of Legal Procedure,Sentencing
0,False,True,True,True,False,Black,Plea Bargaining,1
1,True,True,True,False,True,Hispanic,Initial Hearing/Arraignment,3
2,True,False,True,False,True,Black,Pre-Trial Motions,3
3,False,True,False,True,False,Black,Plea Bargaining,5
4,False,False,True,False,True,Hispanic,Plea Bargaining,0
5,True,True,True,True,False,Other,Investigation,4
6,False,False,True,False,True,Black,Plea Bargaining,4
7,True,True,False,False,False,Other,Investigation,3
8,True,False,False,False,False,Hispanic,Investigation,3
9,True,False,True,True,True,White,Initial Hearing/Arraignment,5
10,False,True,True,False,True,Hispanic,Plea Bargaining,3
11,False,True,False,True,False,Hispanic,Initial Hearing/Arraignment,0
12,False,True,True,False,True,Hispanic,Initial Hearing/Arraignment,2
13,True,True,False,True,False,Other,Pre-Trial Motions,2
14,True,False,False,True,True,Black,Investigation,5
15,False,True,False,True,False,Black,Investigation,4
16,True,False,True,False,True,Hispanic,Initial Hearing/Arraignment,4
17,True,True,False,False,True,Black,Plea Bargaining,2
18,True,True,False,False,False,Other,Investigation,1
19,False,True,False,False,True,White,Investigation,2
20,True,True,True,False,True,Black,Pre-Trial Motions,4
21,False,False,False,False,True,Black,Pre-Trial Motions,3
22,True,False,False,True,True,Hispanic,Investigation,5
23,False,True,True,True,True,Black,Investigation,4
24,False,True,True,False,False,Black,Investigation,5
25,False,False,True,True,False,Other,Investigation,3
26,False,False,False,True,True,White,Investigation,0
27,True,False,False,False,False,Other,Plea Bargaining,1
28,True,True,False,False,False,Black,Plea Bargaining,1
29,False,True,False,False,False,White,Initial Hearing/Arraignment,4
30,True,False,True,False,False,Other,Pre-Trial Motions,1
31,False,False,False,True,True,Other,Plea Bargaining,0
32,False,True,False,False,False,Black,Investigation,2
33,False,True,False,True,False,Hispanic,Investigation,0
34,False,True,False,False,False,Hispanic,Plea Bargaining,1
35,False,True,True,True,True,Other,Plea Bargaining,2
36,True,False,True,True,False,Black,Plea Bargaining,1
37,False,True,True,True,True,Black,Plea Bargaining,3
38,False,True,True,False,False,White,Investigation,2
39,False,False,False,True,True,Hispanic,Pre-Trial Motions,4
40,True,False,True,True,False,White,Plea Bargaining,4
41,True,False,False,False,False,Black,Investigation,3
42,False,True,True,True,False,Other,Pre-Trial Motions,2
43,False,False,False,False,True,Hispanic,Plea Bargaining,3
44,False,True,False,True,False,Black,Initial Hearing/Arraignment,5
45,False,False,True,False,False,Black,Pre-Trial Motions,1
46,True,False,False,True,True,White,Initial Hearing/Arraignment,3
47,False,False,False,True,True,Black,Investigation,2
48,False,False,True,False,False,Other,Pre-Trial Motions,0
49,True,False,False,True,False,Black,Initial Hearing/Arraignment,3
50,False,False,True,False,True,Black,Investigation,2
51,False,True,False,True,True,White,Initial Hearing/Arraignment,3
52,False,True,True,False,False,White,Pre-Trial Motions,0
53,False,True,False,True,False,Other,Initial Hearing/Arraignment,3
54,False,True,True,True,True,Black,Investigation,1
55,False,True,True,False,True,Other,Pre-Trial Motions,1
56,True,True,False,False,False,Other,Initial Hearing/Arraignment,0
57,False,False,True,True,True,Black,Plea Bargaining,4
58,True,True,True,False,True,Hispanic,Plea Bargaining,4
59,False,False,False,True,False,White,Pre-Trial Motions,5
60,True,True,True,True,True,Other,Plea Bargaining,1
61,True,True,True,True,True,White,Investigation,1
62,False,True,True,False,False,Other,Pre-Trial Motions,0
63,True,True,True,True,False,Other,Investigation,2
64,False,True,False,False,False,Hispanic,Investigation,1
65,True,True,True,False,False,Black,Initial Hearing/Arraignment,1
66,True,False,False,True,False,Hispanic,Pre-Trial Motions,2
67,False,True,True,True,False,Black,Investigation,5
68,False,True,True,False,False,Hispanic,Investigation,5
69,True,False,True,False,False,Other,Initial Hearing/Arraignment,0
70,False,True,False,True,False,White,Investigation,5
71,True,False,True,False,True,Hispanic,Initial Hearing/Arraignment,3
72,False,False,True,False,True,White,Pre-Trial Motions,5
73,True,False,True,True,False,Hispanic,Plea Bargaining,3
74,False,True,False,False,True,Black,Investigation,5
75,False,True,True,False,False,Other,Investigation,2
76,False,True,False,True,True,Hispanic,Plea Bargaining,4
77,True,True,True,True,True,Black,Plea Bargaining,0
78,False,False,True,False,False,White,Pre-Trial Motions,2
79,True,False,False,False,True,White,Plea Bargaining,0
80,False,True,False,True,True,Black,Initial Hearing/Arraignment,4
81,True,False,False,False,True,Other,Pre-Trial Motions,0
82,False,False,True,True,True,Black,Plea Bargaining,5
83,True,False,False,True,True,Other,Plea Bargaining,1
84,True,False,False,False,False,Hispanic,Initial Hearing/Arraignment,4
85,False,False,True,True,False,White,Initial Hearing/Arraignment,1
86,True,False,True,True,True,Hispanic,Plea Bargaining,3
87,False,False,False,False,False,Black,Investigation,4
88,False,False,True,True,True,White,Plea Bargaining,2
89,False,False,True,False,True,Black,Plea Bargaining,5
90,True,True,True,False,False,Black,Initial Hearing/Arraignment,5
91,True,False,True,False,True,White,Plea Bargaining,3
92,False,True,True,False,True,Hispanic,Investigation,1
93,True,True,True,False,True,Black,Investigation,4
94,True,False,False,False,False,Black,Investigation,2
95,False,False,True,True,True,Other,Pre-Trial Motions,3
96,True,True,False,True,False,White,Pre-Trial Motions,0
97,True,False,False,True,True,Black,Plea Bargaining,1
98,False,True,True,False,True,Black,Pre-Trial Motions,0
99,False,True,False,False,True,Other,Plea Bargaining,1
100,False,True,True,False,True,White,Initial Hearing/Arraignment,4
101,True,False,False,False,True,Hispanic,Investigation,2
102,True,False,False,False,False,Black,Plea Bargaining,4
103,True,False,True,False,False,Hispanic,Investigation,1
104,False,False,True,True,False,White,Plea Bargaining,4
105,False,False,False,False,False,Other,Plea Bargaining,3
106,True,True,True,True,True,Hispanic,Initial Hearing/Arraignment,4
107,False,True,False,False,False,Black,Investigation,4
108,True,True,True,True,True,Black,Investigation,5
109,False,False,True,True,True,Other,Plea Bargaining,0
110,True,False,True,False,False,Other,Investigation,3
111,False,False,False,True,False,Other,Plea Bargaining,4
112,False,True,True,False,False,Black,Pre-Trial Motions,3
113,False,True,True,True,False,Hispanic,Plea Bargaining,3
114,True,False,False,False,True,Hispanic,Plea Bargaining,1
115,True,True,False,False,False,Hispanic,Initial Hearing/Arraignment,3
116,False,False,True,False,False,Other,Pre-Trial Motions,1
117,True,True,True,True,True,Other,Pre-Trial Motions,4
118,False,True,True,False,True,Hispanic,Pre-Trial Motions,1
119,True,True,False,False,False,Black,Investigation,4
120,True,True,True,True,False,Hispanic,Pre-Trial Motions,1
121,False,False,True,False,True,Black,Plea Bargaining,3
122,False,False,True,False,True,White,Initial Hearing/Arraignment,1
123,True,False,False,True,True,Hispanic,Investigation,0
124,True,True,False,False,True,White,Initial Hearing/Arraignment,1
125,True,True,False,False,False,Black,Investigation,4
126,False,True,False,True,True,Hispanic,Initial Hearing/Arraignment,2
127,True,False,True,False,False,Other,Plea Bargaining,2
128,False,False,False,False,False,Hispanic,Investigation,0
129,True,True,True,False,True,White,Plea Bargaining,3
130,False,False,True,False,False,Hispanic,Initial Hearing/Arraignment,3
131,True,True,True,False,False,Hispanic,Investigation,1
132,True,True,False,False,True,Black,Plea Bargaining,4
133,False,True,False,True,False,Hispanic,Pre-Trial Motions,4
134,True,False,False,False,True,Hispanic,Initial Hearing/Arraignment,4
135,True,False,True,True,False,Black,Plea Bargaining,4
136,False,False,False,True,True,Black,Initial Hearing/Arraignment,2
137,True,True,True,False,True,Black,Plea Bargaining,5
138,False,False,False,True,True,White,Plea Bargaining,3
139,True,False,True,True,True,Hispanic,Plea Bargaining,1
140,False,False,False,True,False,Hispanic,Investigation,0
141,False,True,False,True,True,Hispanic,Plea Bargaining,4
142,False,False,True,True,False,Other,Pre-Trial Motions,4
143,True,True,False,False,True,Black,Plea Bargaining,4
144,True,False,False,True,True,Black,Initial Hearing/Arraignment,1
145,True,True,True,False,False,Other,Pre-Trial Motions,3
146,True,True,True,True,True,Other,Initial Hearing/Arraignment,1
147,True,False,True,True,True,Other,Plea Bargaining,4
148,True,False,False,False,True,Black,Plea Bargaining,5
149,False,False,False,True,False,Black,Plea Bargaining,2
150,True,True,False,True,False,Black,Plea Bargaining,5
151,False,True,False,False,False,Other,Initial Hearing/Arraignment,4
152,False,False,False,False,True,Other,Initial Hearing/Arraignment,1
153,True,True,False,True,True,White,Investigation,4
154,True,False,True,True,False,Black,Plea Bargaining,3
155,False,True,False,False,True,Hispanic,Initial Hearing/Arraignment,1
156,False,False,False,True,False,Hispanic,Pre-Trial Motions,1
157,True,True,False,False,True,White,Investigation,1
158,False,False,False,True,False,Black,Plea Bargaining,4
159,False,True,False,True,False,Black,Investigation,3
160,False,False,False,False,True,White,Pre-Trial Motions,4
161,True,True,False,False,False,Black,Plea Bargaining,3
162,False,True,False,False,False,Black,Plea Bargaining,4
163,True,True,True,False,False,White,Investigation,4
164,True,False,False,True,False,Hispanic,Plea Bargaining,2
165,False,True,False,True,False,White,Plea Bargaining,2
166,False,True,True,False,True,Other,Pre-Trial Motions,1
167,False,True,False,True,True,White,Pre-Trial Motions,0
168,True,False,True,False,False,Hispanic,Initial Hearing/Arraignment,3
169,False,True,True,False,True,White,Pre-Trial Motions,3
170,True,True,True,True,True,White,Plea Bargaining,2
171,False,True,False,True,False,White,Pre-Trial Motions,1
172,False,True,True,False,True,Hispanic,Initial Hearing/Arraignment,3
173,False,True,False,True,False,Black,Plea Bargaining,5
174,False,False,False,True,False,Other,Initial Hearing/Arraignment,2
175,False,False,False,True,False,White,Plea Bargaining,3
176,True,False,True,False,True,White,Initial Hearing/Arraignment,5
177,True,False,True,True,True,White,Investigation,4
178,False,False,True,True,True,Hispanic,Pre-Trial Motions,2
179,True,True,True,False,False,Other,Initial Hearing/Arraignment,1
180,True,False,False,False,False,White,Investigation,1
181,True,True,True,False,False,Black,Pre-Trial Motions,3
182,False,True,False,False,True,Black,Plea Bargaining,3
183,True,False,False,True,True,White,Initial Hearing/Arraignment,3
184,False,True,True,False,False,Black,Plea Bargaining,5
185,True,True,False,False,True,Other,Plea Bargaining,1
186,False,False,True,False,False,Other,Investigation,1
187,False,True,True,True,False,Black,Initial Hearing/Arraignment,3
188,True,True,True,True,False,Black,Plea Bargaining,4
189,True,True,True,True,True,Hispanic,Pre-Trial Motions,1
190,True,False,False,False,False,Hispanic,Pre-Trial Motions,0
191,False,True,True,True,False,Other,Plea Bargaining,4
192,True,False,True,True,False,Hispanic,Investigation,4
193,False,True,False,False,True,White,Pre-Trial Motions,2
194,False,True,True,False,False,Black,Plea Bargaining,3
195,False,True,False,False,False,Black,Investigation,5
196,True,False,True,False,True,White,Initial Hearing/Arraignment,1
197,True,False,False,False,True,White,Investigation,4
198,False,False,True,True,True,Other,Investigation,5
199,False,True,True,True,False,Black,Plea Bargaining,4
200,True,False,True,False,True,White,Plea Bargaining,3
201,False,False,True,False,False,Other,Initial Hearing/Arraignment,4
202,True,True,False,True,False,White,Investigation,4
203,False,False,False,False,False,Other,Initial Hearing/Arraignment,2
204,True,True,True,True,True,White,Initial Hearing/Arraignment,2
205,False,False,False,False,False,Hispanic,Pre-Trial Motions,1
206,True,False,False,True,True,Black,Investigation,5
207,False,False,True,True,True,Other,Investigation,2
208,False,True,True,False,False,Hispanic,Pre-Trial Motions,1
209,False,False,True,False,False,White,Plea Bargaining,2
210,True,False,True,True,False,Other,Plea Bargaining,2
211,True,False,True,False,False,Hispanic,Plea Bargaining,3
212,False,True,True,True,True,Black,Initial Hearing/Arraignment,2
213,True,True,False,False,False,Hispanic,Initial Hearing/Arraignment,4
214,False,True,False,False,False,Other,Initial Hearing/Arraignment,3
215,False,False,False,True,False,White,Investigation,1
216,False,False,True,True,True,Other,Investigation,5
217,True,True,True,True,True,Other,Initial Hearing/Arraignment,0
218,True,False,True,False,True,Hispanic,Pre-Trial Motions,0
219,False,True,True,True,True,Hispanic,Pre-Trial Motions,4
220,True,True,False,True,False,White,Investigation,0
221,False,False,False,True,False,Other,Initial Hearing/Arraignment,3
222,True,False,False,False,False,Hispanic,Pre-Trial Motions,4
223,True,True,True,True,False,Other,Investigation,2
224,True,False,True,True,True,Other,Pre-Trial Motions,3
225,True,True,True,False,False,Black,Plea Bargaining,5
226,True,False,False,True,True,Black,Plea Bargaining,4
227,True,False,False,True,True,White,Initial Hearing/Arraignment,0
228,False,False,True,False,False,Hispanic,Initial Hearing/Arraignment,2
229,False,True,True,True,True,Black,Investigation,3
230,True,False,False,False,True,Black,Plea Bargaining,3
231,False,False,False,False,False,Hispanic,Plea Bargaining,1
232,False,True,True,True,False,Other,Plea Bargaining,1
233,True,False,False,False,True,White,Pre-Trial Motions,4
234,False,False,False,False,True,White,Investigation,4
235,False,True,False,True,True,Other,Pre-Trial Motions,4
236,False,True,False,True,True,White,Investigation,3
237,True,False,False,False,True,Other,Plea Bargaining,1
238,False,True,False,False,True,Black,Investigation,3
239,False,True,False,False,False,Other,Pre-Trial Motions,1
240,True,False,True,True,False,Other,Plea Bargaining,5
241,False,True,False,True,False,White,Plea Bargaining,1
242,True,True,False,False,True,Black,Investigation,3
243,True,True,True,True,True,White,Pre-Trial Motions,1
244,False,False,True,False,True,White,Plea Bargaining,3
245,True,True,False,True,False,Hispanic,Initial Hearing/Arraignment,3
246,True,True,False,False,False,Hispanic,Investigation,4
247,True,False,False,False,True,White,Investigation,4
248,False,True,False,True,True,White,Initial Hearing/Arraignment,3
249,True,False,False,False,False,Hispanic,Plea Bargaining,4
250,False,True,False,False,True,Hispanic,Pre-Trial Motions,2
251,True,True,False,False,False,Hispanic,Initial Hearing/Arraignment,2
252,True,False,True,False,True,Hispanic,Initial Hearing/Arraignment,1
253,True,True,False,True,False,Other,Investigation,1
254,False,False,True,True,False,Other,Initial Hearing/Arraignment,3
255,False,True,False,True,True,White,Initial Hearing/Arraignment,5
256,False,False,True,False,False,Other,Plea Bargaining,0
257,True,True,False,True,False,Hispanic,Pre-Trial Motions,5
258,True,True,True,True,False,Other,Initial Hearing/Arraignment,3
259,True,False,False,True,False,Other,Investigation,2
260,True,False,True,False,False,Other,Pre-Trial Motions,3
261,True,True,True,False,True,Other,Plea Bargaining,1
262,False,False,False,False,True,Hispanic,Initial Hearing/Arraignment,0
263,False,True,False,True,True,Hispanic,Investigation,3
264,True,True,False,False,True,Other,Initial Hearing/Arraignment,3
265,False,True,False,True,False,Hispanic,Initial Hearing/Arraignment,0
266,True,True,False,True,True,Hispanic,Plea Bargaining,3
267,True,True,True,False,False,Hispanic,Initial Hearing/Arraignment,5
268,False,False,False,False,False,Other,Pre-Trial Motions,2
269,False,False,True,False,True,White,Plea Bargaining,1
270,False,True,False,True,True,Black,Plea Bargaining,3
271,False,False,True,False,True,Hispanic,Pre-Trial Motions,2
272,False,False,False,True,True,Hispanic,Investigation,4
273,True,False,False,True,True,Other,Investigation,2
274,False,True,False,False,True,White,Initial Hearing/Arraignment,0
275,False,True,True,False,False,Black,Pre-Trial Motions,1
276,True,True,False,True,False,Hispanic,Pre-Trial Motions,4
277,True,True,True,True,False,White,Pre-Trial Motions,3
278,True,False,False,True,False,White,Plea Bargaining,2
279,False,True,False,False,False,Black,Initial Hearing/Arraignment,2
280,True,False,True,True,False,Black,Plea Bargaining,3
281,True,True,False,True,True,Black,Plea Bargaining,5
282,True,False,False,True,True,White,Initial Hearing/Arraignment,2
283,True,True,False,True,True,White,Plea Bargaining,4
284,True,False,False,True,True,White,Plea Bargaining,0
285,False,False,True,True,True,Other,Plea Bargaining,1
286,False,False,True,True,True,Hispanic,Plea Bargaining,0
287,False,True,False,False,False,Other,Pre-Trial Motions,5
288,True,True,False,True,False,Other,Initial Hearing/Arraignment,5
289,True,False,False,False,True,Hispanic,Plea Bargaining,2
290,False,False,False,True,False,Black,Investigation,2
291,True,False,False,False,False,Black,Plea Bargaining,5
292,False,True,False,False,False,White,Initial Hearing/Arraignment,2
293,False,False,False,False,False,White,Initial Hearing/Arraignment,1
294,False,True,True,False,True,Other,Investigation,4
295,False,True,False,True,True,White,Plea Bargaining,0
296,True,False,True,False,False,Black,Plea Bargaining,3
297,False,True,True,False,True,Hispanic,Plea Bargaining,0
298,True,True,True,False,True,Hispanic,Plea Bargaining,3
299,False,True,True,True,False,Other,Investigation,3
300,True,True,False,False,True,Other,Plea Bargaining,0
301,True,False,True,False,True,Hispanic,Pre-Trial Motions,1
302,False,True,False,False,True,Black,Plea Bargaining,5
303,True,False,True,True,False,Black,Initial Hearing/Arraignment,4
304,False,True,True,False,True,White,Plea Bargaining,3
305,True,False,False,True,True,Other,Initial Hearing/Arraignment,1
306,False,True,True,False,True,Hispanic,Investigation,3
307,True,False,False,True,True,Hispanic,Pre-Trial Motions,4
308,False,False,True,True,False,Other,Initial Hearing/Arraignment,5
309,True,True,True,False,False,Other,Pre-Trial Motions,3
310,False,False,False,True,False,White,Investigation,0
311,True,False,False,False,False,Other,Investigation,2
312,True,False,True,False,False,White,Pre-Trial Motions,2
313,True,False,False,False,True,White,Investigation,0
314,False,True,False,False,True,Other,Pre-Trial Motions,0
315,False,True,False,True,True,Black,Investigation,0
316,True,False,False,True,True,Black,Plea Bargaining,5
317,True,False,True,False,False,Other,Initial Hearing/Arraignment,0
318,True,True,False,False,True,Other,Initial Hearing/Arraignment,2
319,True,True,False,False,False,Hispanic,Investigation,1
320,False,False,False,False,False,Hispanic,Initial Hearing/Arraignment,4
321,False,True,True,False,True,White,Pre-Trial Motions,2
322,False,True,False,False,False,White,Plea Bargaining,3
323,True,False,False,False,True,Other,Investigation,5
324,True,False,True,False,False,Black,Plea Bargaining,4
325,True,True,True,True,False,Other,Plea Bargaining,2
326,False,False,True,True,True,White,Pre-Trial Motions,0
327,True,False,False,True,True,White,Pre-Trial Motions,4
328,True,True,True,True,False,Other,Plea Bargaining,4
329,True,False,False,False,False,Other,Initial Hearing/Arraignment,4
330,True,False,False,True,False,White,Pre-Trial Motions,0
331,False,True,False,True,False,Hispanic,Plea Bargaining,1
332,False,True,True,True,False,Other,Investigation,4
333,False,True,False,False,True,Other,Plea Bargaining,1
334,True,True,False,True,True,Black,Plea Bargaining,4
335,False,False,False,True,False,White,Initial Hearing/Arraignment,1
336,False,True,False,False,True,Black,Initial Hearing/Arraignment,1
337,True,True,True,True,True,Other,Initial Hearing/Arraignment,4
338,True,True,False,True,True,Hispanic,Plea Bargaining,5
339,False,True,True,True,True,Black,Investigation,5
340,True,True,False,False,False,Black,Initial Hearing/Arraignment,2
341,False,True,False,True,True,Black,Plea Bargaining,1
342,False,True,False,True,True,Black,Plea Bargaining,0
343,True,False,False,False,False,Hispanic,Investigation,2
344,True,True,False,False,False,Hispanic,Plea Bargaining,2
345,False,False,True,True,False,Other,Investigation,3
346,True,False,False,True,False,Other,Plea Bargaining,2
347,True,True,False,False,False,Hispanic,Investigation,3
348,True,True,True,True,True,Hispanic,Plea Bargaining,0
349,False,False,True,False,True,White,Initial Hearing/Arraignment,3
350,True,False,False,False,False,Black,Investigation,3
351,True,True,True,False,False,Hispanic,Initial Hearing/Arraignment,0
352,True,False,False,False,True,Other,Initial Hearing/Arraignment,3
353,False,True,False,True,False,White,Plea Bargaining,3
354,False,True,True,False,True,White,Plea Bargaining,5
355,False,False,False,False,False,Other,Investigation,2
356,True,True,False,False,False,Black,Pre-Trial Motions,5
357,True,True,True,True,True,Other,Plea Bargaining,4
358,False,True,False,False,True,White,Pre-Trial Motions,2
359,True,False,False,True,True,White,Initial Hearing/Arraignment,4
360,False,True,False,True,False,Hispanic,Pre-Trial Motions,3
361,True,True,True,True,False,Other,Initial Hearing/Arraignment,2
362,True,True,False,False,True,Black,Initial Hearing/Arraignment,4
363,True,False,False,False,True,Other,Plea Bargaining,4
364,True,False,False,False,False,White,Pre-Trial Motions,4
365,True,False,False,False,True,Hispanic,Pre-Trial Motions,5
366,True,False,True,True,False,Hispanic,Plea Bargaining,2
367,False,False,True,True,False,Black,Investigation,5
368,True,True,False,False,False,White,Investigation,2
369,False,False,False,False,False,Other,Pre-Trial Motions,1
370,True,False,True,False,False,Black,Investigation,4
371,False,True,False,True,False,Hispanic,Plea Bargaining,3
372,True,True,False,False,True,Other,Investigation,3
373,False,True,True,False,False,Black,Investigation,1
374,False,False,True,False,True,Hispanic,Investigation,3
375,False,False,False,True,True,White,Pre-Trial Motions,1
376,True,True,True,False,False,Black,Pre-Trial Motions,3
377,False,False,True,True,False,Hispanic,Plea Bargaining,1
378,False,False,False,True,True,Hispanic,Initial Hearing/Arraignment,1
379,True,True,False,False,False,White,Investigation,1
380,True,False,True,True,False,Other,Initial Hearing/Arraignment,3
381,True,True,True,True,False,Other,Initial Hearing/Arraignment,2
382,True,False,True,True,False,Hispanic,Pre-Trial Motions,3
383,True,True,False,False,True,Hispanic,Plea Bargaining,3
384,True,False,True,False,True,Other,Investigation,0
385,True,True,False,True,False,White,Plea Bargaining,1
386,False,False,True,False,True,Black,Plea Bargaining,0
387,False,False,False,False,True,White,Initial Hearing/Arraignment,2
388,False,False,False,False,False,White,Investigation,1
389,False,False,True,False,True,Hispanic,Pre-Trial Motions,4
390,True,False,True,True,False,Other,Initial Hearing/Arraignment,5
391,False,True,True,False,False,Black,Plea Bargaining,5
392,True,False,False,True,False,White,Initial Hearing/Arraignment,1
393,True,True,False,False,False,Hispanic,Initial Hearing/Arraignment,4
394,True,False,False,True,False,Hispanic,Investigation,2
395,True,False,True,True,True,Hispanic,Plea Bargaining,3
396,True,False,False,False,True,Other,Investigation,1
397,False,False,False,True,False,White,Plea Bargaining,0
398,False,True,True,False,False,White,Initial Hearing/Arraignment,2
399,False,True,True,True,False,White,Initial Hearing/Arraignment,1
400,False,True,True,True,True,Black,Investigation,5
401,False,False,True,False,False,Hispanic,Investigation,2
402,True,False,True,True,False,Other,Investigation,3
403,False,True,False,True,False,White,Plea Bargaining,3
404,True,True,False,True,False,Other,Pre-Trial Motions,3
405,False,True,False,True,False,Black,Investigation,4
406,True,True,False,False,True,Black,Initial Hearing/Arraignment,4
407,False,False,False,True,True,Other,Initial Hearing/Arraignment,3
408,True,False,False,True,False,Hispanic,Initial Hearing/Arraignment,3
409,False,False,True,False,False,White,Initial Hearing/Arraignment,0
410,False,False,True,True,True,White,Initial Hearing/Arraignment,1
411,True,True,True,True,True,Hispanic,Initial Hearing/Arraignment,4
412,True,True,True,False,True,Hispanic,Initial Hearing/Arraignment,2
413,False,False,False,True,True,Hispanic,Investigation,3
414,False,False,True,True,False,Other,Initial Hearing/Arraignment,2
415,True,False,False,True,True,Other,Plea Bargaining,5
416,False,True,True,False,False,Other,Initial Hearing/Arraignment,5
417,False,False,False,False,False,Other,Investigation,2
418,False,False,False,False,False,Hispanic,Pre-Trial Motions,1
419,True,True,False,False,False,Hispanic,Plea Bargaining,3
420,True,True,True,False,True,White,Investigation,1
421,True,False,True,True,True,Hispanic,Pre-Trial Motions,3
422,False,True,False,False,False,White,Plea Bargaining,5
423,False,False,False,False,False,Other,Plea Bargaining,2
424,True,False,True,False,True,White,Investigation,4
425,False,True,False,False,False,White,Plea Bargaining,2
426,True,False,False,True,False,White,Pre-Trial Motions,1
427,False,False,False,True,True,Other,Pre-Trial Motions,4
428,True,True,True,False,False,Other,Initial Hearing/Arraignment,0
429,True,True,False,False,True,Hispanic,Investigation,1
430,False,True,False,False,False,White,Investigation,3
431,True,True,True,False,True,Hispanic,Pre-Trial Motions,2
432,True,True,True,True,True,Other,Initial Hearing/Arraignment,2
433,True,False,False,False,False,Hispanic,Investigation,4
434,True,False,False,False,False,Other,Plea Bargaining,2
435,True,False,False,True,False,White,Plea Bargaining,3
436,False,True,False,True,False,White,Investigation,4
437,False,False,True,False,False,Black,Investigation,2
438,False,False,False,True,False,Black,Plea Bargaining,4
439,False,True,False,True,True,Other,Investigation,2
440,False,True,True,True,False,Other,Pre-Trial Motions,3
441,True,False,True,False,False,Black,Initial Hearing/Arraignment,3
442,True,False,False,True,True,Hispanic,Initial Hearing/Arraignment,3
443,True,False,False,True,False,Hispanic,Plea Bargaining,3
444,False,False,False,True,True,White,Pre-Trial Motions,5
445,False,False,False,False,False,Other,Initial Hearing/Arraignment,4
446,True,True,False,True,True,Hispanic,Plea Bargaining,5
447,False,False,False,True,False,Other,Pre-Trial Motions,1
448,True,False,True,False,True,Black,Investigation,5
449,False,True,False,False,True,Hispanic,Pre-Trial Motions,5
450,True,False,False,False,True,Black,Pre-Trial Motions,4
451,True,False,True,True,True,Black,Plea Bargaining,3
452,False,True,False,False,True,Hispanic,Pre-Trial Motions,1
453,False,False,False,True,True,White,Plea Bargaining,5
454,True,True,True,True,True,Black,Plea Bargaining,3
455,True,False,False,True,False,Hispanic,Plea Bargaining,1
456,False,True,True,True,True,Other,Investigation,5
457,False,False,False,False,False,White,Investigation,1
458,False,False,False,False,False,Other,Initial Hearing/Arraignment,1
459,False,True,True,False,False,White,Pre-Trial Motions,4
460,False,True,True,False,False,Other,Initial Hearing/Arraignment,1
461,True,True,False,False,False,White,Investigation,1
462,False,False,False,True,False,Other,Investigation,4
463,False,False,False,False,True,White,Plea Bargaining,1
464,True,True,True,False,False,Other,Investigation,4
465,True,False,True,False,True,Hispanic,Pre-Trial Motions,2
466,False,False,False,False,True,White,Initial Hearing/Arraignment,1
467,False,True,True,True,False,White,Investigation,4
468,False,True,True,True,True,Black,Plea Bargaining,5
469,True,True,True,False,False,White,Plea Bargaining,3
470,True,False,False,False,False,Hispanic,Initial Hearing/Arraignment,4
471,False,True,False,True,True,Other,Pre-Trial Motions,1
472,False,True,True,False,True,Other,Plea Bargaining,1
473,False,False,False,False,False,Other,Initial Hearing/Arraignment,4
474,True,True,False,True,True,Other,Plea Bargaining,3
475,False,False,True,False,False,White,Investigation,2
476,True,False,False,True,True,Black,Investigation,3
477,True,True,True,False,True,Hispanic,Pre-Trial Motions,5
478,True,False,True,True,True,Black,Pre-Trial Motions,3
479,False,False,False,True,True,White,Plea Bargaining,3
480,False,True,True,True,False,White,Investigation,2
481,True,False,False,False,True,Other,Initial Hearing/Arraignment,1
482,True,True,False,False,True,Hispanic,Investigation,2
483,True,False,True,True,False,White,Investigation,2
484,False,True,False,False,True,Other,Pre-Trial Motions,3
485,False,False,True,True,True,Other,Pre-Trial Motions,2
486,False,True,False,True,True,Hispanic,Initial Hearing/Arraignment,2
487,False,False,True,True,True,Hispanic,Investigation,2
488,True,True,True,False,False,Other,Plea Bargaining,1
489,True,False,True,True,True,Black,Plea Bargaining,4
490,False,True,True,False,False,White,Initial Hearing/Arraignment,0
491,False,False,False,False,False,White,Initial Hearing/Arraignment,3
492,True,False,False,False,False,Hispanic,Initial Hearing/Arraignment,3
493,True,False,False,False,True,Other,Initial Hearing/Arraignment,5
494,True,True,True,True,True,Other,Investigation,2
495,False,False,False,True,False,Black,Investigation,3
496,False,False,True,False,False,White,Initial Hearing/Arraignment,2
497,True,False,False,False,False,White,Plea Bargaining,2
498,True,False,True,True,False,Hispanic,Initial Hearing/Arraignment,3
499,True,False,False,False,False,Other,Initial Hearing/Arraignment,1
500,True,True,False,True,True,Hispanic,Investigation,2
501,False,True,False,True,True,Hispanic,Pre-Trial Motions,3
502,True,False,False,False,False,Other,Initial Hearing/Arraignment,3
503,True,False,True,False,True,Black,Initial Hearing/Arraignment,0
504,True,False,True,False,False,Other,Initial Hearing/Arraignment,1
505,False,False,False,False,True,Hispanic,Initial Hearing/Arraignment,3
506,False,True,False,True,True,Black,Initial Hearing/Arraignment,5
507,False,False,True,True,True,Black,Plea Bargaining,4
508,False,True,True,True,True,White,Investigation,2
509,True,False,False,True,True,Black,Investigation,2
510,False,True,False,True,False,Hispanic,Plea Bargaining,2
511,True,True,False,False,True,Hispanic,Pre-Trial Motions,2
512,False,False,True,False,False,White,Investigation,2
513,False,True,True,True,True,Black,Initial Hearing/Arraignment,2
514,False,False,False,False,True,Other,Plea Bargaining,0
515,False,False,True,True,False,Hispanic,Initial Hearing/Arraignment,2
516,False,False,True,False,False,White,Investigation,4
517,True,False,True,False,False,White,Pre-Trial Motions,3
518,True,True,True,True,True,Hispanic,Initial Hearing/Arraignment,3
519,True,True,False,False,False,Hispanic,Investigation,3
520,True,True,True,False,False,Other,Plea Bargaining,0
521,True,True,True,True,False,Hispanic,Initial Hearing/Arraignment,0
522,False,False,False,True,False,White,Initial Hearing/Arraignment,1
523,False,True,False,False,True,White,Pre-Trial Motions,2
524,True,True,True,False,True,Hispanic,Plea Bargaining,3
525,False,True,False,True,False,Hispanic,Investigation,2
526,True,False,True,False,True,White,Plea Bargaining,2
527,False,False,False,True,True,Other,Pre-Trial Motions,3
528,True,False,False,True,False,Hispanic,Plea Bargaining,2
529,True,True,True,True,True,Other,Plea Bargaining,3
530,True,True,False,True,True,White,Pre-Trial Motions,3
531,False,False,False,True,True,Hispanic,Investigation,0
532,False,False,True,True,True,Black,Plea Bargaining,5
533,True,True,False,False,True,Other,Initial Hearing/Arraignment,4
534,False,True,False,False,True,Hispanic,Investigation,2
535,False,False,True,True,True,Other,Pre-Trial Motions,1
536,False,False,True,False,False,Black,Plea Bargaining,1
537,False,True,False,True,False,Other,Plea Bargaining,1
538,True,True,True,False,True,Black,Plea Bargaining,3
539,True,True,False,False,True,Hispanic,Investigation,1
540,True,True,True,False,False,Hispanic,Plea Bargaining,1
541,False,True,True,False,False,White,Initial Hearing/Arraignment,0
542,True,False,True,False,True,White,Pre-Trial Motions,5
543,False,False,True,True,False,Hispanic,Pre-Trial Motions,1
544,False,True,False,True,False,White,Initial Hearing/Arraignment,1
545,False,False,False,True,False,White,Initial Hearing/Arraignment,0
546,False,True,False,True,True,Other,Pre-Trial Motions,2
547,False,True,True,True,True,White,Pre-Trial Motions,1
548,True,False,False,False,False,Other,Investigation,3
549,True,True,True,False,True,Hispanic,Pre-Trial Motions,2
550,False,True,True,False,False,Black,Plea Bargaining,5
551,True,False,False,True,True,White,Investigation,0
552,False,True,False,True,True,Other,Investigation,4
553,False,True,True,True,True,Black,Investigation,5
554,True,False,False,True,False,White,Investigation,1
555,False,False,True,True,False,White,Investigation,0
556,True,True,True,False,True,Hispanic,Initial Hearing/Arraignment,4
557,False,False,True,False,True,Black,Investigation,5
558,True,True,True,True,False,Other,Initial Hearing/Arraignment,3
559,True,True,True,True,True,Black,Plea Bargaining,5
560,True,False,True,False,False,Hispanic,Initial Hearing/Arraignment,4
561,True,True,False,False,False,Black,Investigation,4
562,False,False,True,True,False,Black,Pre-Trial Motions,3
563,False,True,True,False,True,White,Initial Hearing/Arraignment,3
564,True,False,False,False,False,Black,Investigation,5
565,True,True,False,True,True,Other,Initial Hearing/Arraignment,0
566,False,False,True,False,True,Black,Plea Bargaining,5
567,False,True,True,True,True,Black,Investigation,3
568,True,False,True,False,True,Black,Plea Bargaining,2
569,False,False,False,True,False,Black,Plea Bargaining,5
570,False,True,True,False,True,Hispanic,Initial Hearing/Arraignment,3
571,True,True,True,True,True,Hispanic,Pre-Trial Motions,2
572,True,False,False,True,True,White,Pre-Trial Motions,0
573,False,True,False,True,True,Hispanic,Initial Hearing/Arraignment,1
574,False,False,True,True,True,Black,Plea Bargaining,3
575,False,False,False,False,False,Other,Pre-Trial Motions,3
576,True,True,False,False,False,Other,Plea Bargaining,5
577,False,True,True,True,True,Hispanic,Initial Hearing/Arraignment,3
578,True,False,True,True,True,Black,Investigation,3
579,False,False,False,False,False,Hispanic,Investigation,1
580,False,False,False,True,False,Other,Investigation,2
581,False,False,True,True,False,Black,Investigation,4
582,False,True,False,True,False,White,Plea Bargaining,4
583,True,False,True,True,False,Black,Plea Bargaining,4
584,True,True,True,True,False,Other,Plea Bargaining,1
585,True,True,False,False,False,Hispanic,Pre-Trial Motions,0
586,True,True,False,False,True,Other,Initial Hearing/Arraignment,3
587,False,True,False,True,True,Hispanic,Pre-Trial Motions,4
588,True,True,False,True,True,White,Investigation,2
589,True,False,False,True,False,Other,Initial Hearing/Arraignment,0
590,True,False,True,False,False,Other,Pre-Trial Motions,0
591,False,True,True,False,False,Black,Plea Bargaining,5
592,True,True,True,False,False,Other,Plea Bargaining,3
593,False,False,False,False,False,Black,Investigation,1
594,True,False,False,True,True,White,Initial Hearing/Arraignment,1
595,False,False,True,False,True,Hispanic,Initial Hearing/Arraignment,0
596,False,True,True,False,False,Other,Pre-Trial Motions,0
597,True,True,False,True,False,White,Pre-Trial Motions,1
598,True,False,True,True,False,Black,Initial Hearing/Arraignment,2
599,True,True,False,False,False,Other,Plea Bargaining,1
600,False,True,True,False,True,White,Investigation,4
601,False,True,False,True,True,White,Pre-Trial Motions,1
602,False,False,False,False,True,Hispanic,Investigation,2
603,True,True,True,False,True,Other,Investigation,0
604,True,False,False,True,True,White,Pre-Trial Motions,4
605,True,True,False,False,False,Black,Pre-Trial Motions,2
606,False,False,True,False,False,White,Plea Bargaining,1
607,True,False,False,True,False,White,Plea Bargaining,0
608,False,True,False,False,True,Hispanic,Pre-Trial Motions,3
609,False,True,True,False,False,Other,Plea Bargaining,2
610,False,False,True,True,True,Black,Initial Hearing/Arraignment,0
611,True,False,True,True,False,Black,Investigation,4
612,False,True,True,False,True,Hispanic,Initial Hearing/Arraignment,1
613,False,False,False,True,True,White,Pre-Trial Motions,3
614,False,True,False,True,True,Black,Initial Hearing/Arraignment,1
615,True,True,False,True,True,Other,Plea Bargaining,1
616,True,True,False,False,True,White,Plea Bargaining,3
617,True,False,True,True,False,White,Investigation,4
618,False,False,False,True,False,White,Plea Bargaining,3
619,False,False,False,True,True,Other,Pre-Trial Motions,2
620,False,True,False,False,True,Hispanic,Investigation,1
621,False,False,True,True,True,Other,Investigation,0
622,True,True,True,True,False,Hispanic,Investigation,2
623,False,True,True,True,False,White,Investigation,3
624,True,True,False,True,False,Black,Plea Bargaining,5
625,True,False,True,False,False,Black,Initial Hearing/Arraignment,1
626,True,False,True,False,False,Black,Initial Hearing/Arraignment,0
627,True,True,True,False,True,Black,Pre-Trial Motions,1
628,True,True,True,True,True,Hispanic,Pre-Trial Motions,2
629,True,False,True,False,False,Black,Plea Bargaining,3
630,False,True,True,False,True,White,Initial Hearing/Arraignment,3
631,False,False,False,True,False,Black,Investigation,5
632,False,True,True,True,False,White,Plea Bargaining,3
633,False,True,True,False,True,Other,Investigation,1
634,True,False,True,True,True,Black,Plea Bargaining,3
635,False,True,True,False,True,Hispanic,Pre-Trial Motions,3
636,False,False,True,False,True,White,Investigation,2
637,False,False,True,False,False,Black,Investigation,5
638,True,True,False,False,False,Black,Plea Bargaining,4
639,False,False,True,False,False,Black,Plea Bargaining,2
640,False,False,False,True,True,Other,Investigation,2
641,True,True,True,False,False,Hispanic,Pre-Trial Motions,2
642,True,True,False,False,False,White,Pre-Trial Motions,1
643,True,True,True,True,True,Black,Investigation,5
644,True,False,True,False,True,Other,Investigation,2
645,True,True,True,True,True,Other,Plea Bargaining,1
646,True,False,False,True,True,Black,Investigation,2
647,True,False,True,False,True,White,Pre-Trial Motions,3
648,True,False,False,True,True,Other,Initial Hearing/Arraignment,0
649,True,True,False,False,False,Other,Plea Bargaining,1
650,False,True,True,True,True,White,Initial Hearing/Arraignment,5
651,True,False,True,False,False,Black,Investigation,0
652,True,True,False,True,True,Black,Plea Bargaining,1
653,False,False,True,False,False,Other,Pre-Trial Motions,2
654,False,False,False,False,False,White,Plea Bargaining,1
655,True,False,False,True,True,Black,Plea Bargaining,4
656,True,True,False,False,True,Other,Pre-Trial Motions,3
657,False,False,True,True,True,Hispanic,Investigation,2
658,True,True,True,True,True,White,Initial Hearing/Arraignment,5
659,True,False,False,True,True,Hispanic,Investigation,4
660,False,True,True,True,False,Black,Plea Bargaining,4
661,True,False,False,False,True,Black,Initial Hearing/Arraignment,0
662,True,False,True,False,True,Hispanic,Investigation,4
663,True,True,False,True,True,Hispanic,Plea Bargaining,2
664,True,False,False,True,False,Hispanic,Plea Bargaining,1
665,False,True,True,True,True,Other,Initial Hearing/Arraignment,0
666,False,False,False,False,False,Other,Pre-Trial Motions,0
667,False,True,False,False,True,Hispanic,Investigation,5
668,False,True,True,False,True,Black,Plea Bargaining,4
669,True,False,True,True,True,Other,Plea Bargaining,4
670,True,False,False,False,True,White,Plea Bargaining,4
671,False,False,True,False,False,Other,Investigation,1
672,False,False,True,False,False,White,Plea Bargaining,2
673,False,True,True,True,False,Hispanic,Investigation,3
674,False,True,False,True,False,Black,Investigation,5
675,False,True,False,False,False,White,Plea Bargaining,4
676,True,False,True,False,False,Other,Initial Hearing/Arraignment,0
677,False,False,False,True,True,Hispanic,Initial Hearing/Arraignment,5
678,False,False,True,False,False,Hispanic,Plea Bargaining,4
679,False,True,True,False,False,White,Investigation,2
680,True,True,True,False,False,Hispanic,Initial Hearing/Arraignment,2
681,True,True,True,True,True,Other,Pre-Trial Motions,1
682,False,True,True,True,True,White,Plea Bargaining,4
683,True,True,False,False,False,Other,Plea Bargaining,3
684,False,True,True,True,True,White,Initial Hearing/Arraignment,1
685,False,True,True,True,False,Black,Investigation,5
686,True,False,False,False,True,Other,Plea Bargaining,2
687,False,False,False,True,True,Hispanic,Pre-Trial Motions,4
688,False,True,True,True,False,Other,Pre-Trial Motions,1
689,True,True,True,False,False,Black,Investigation,5
690,False,True,False,True,True,Black,Investigation,3
691,False,True,False,True,True,Hispanic,Initial Hearing/Arraignment,1
692,True,False,True,False,True,Hispanic,Pre-Trial Motions,2
693,False,False,False,False,False,Other,Pre-Trial Motions,0
694,True,False,False,False,True,Black,Investigation,3
695,False,True,True,False,False,Other,Pre-Trial Motions,3
696,False,False,True,True,True,White,Pre-Trial Motions,1
697,True,False,False,False,True,White,Initial Hearing/Arraignment,0
698,False,False,False,False,False,Black,Investigation,4
699,False,True,False,True,False,Black,Plea Bargaining,5
700,True,False,False,True,True,Other,Pre-Trial Motions,0
701,False,True,False,True,False,Hispanic,Pre-Trial Motions,1
702,False,True,True,True,True,Black,Pre-Trial Motions,0
703,True,False,True,False,False,Black,Plea Bargaining,5
704,True,False,True,True,False,White,Pre-Trial Motions,1
705,False,True,False,False,True,Hispanic,Plea Bargaining,3
706,False,False,True,True,True,White,Plea Bargaining,5
707,True,True,True,True,True,White,Investigation,4
708,False,False,True,False,False,Hispanic,Initial Hearing/Arraignment,0
709,True,False,True,False,True,Other,Initial Hearing/Arraignment,4
710,True,False,True,False,True,Other,Initial Hearing/Arraignment,3
711,False,False,False,False,False,Other,Initial Hearing/Arraignment,0
712,False,False,True,False,True,White,Initial Hearing/Arraignment,3
713,False,False,True,True,True,Hispanic,Initial Hearing/Arraignment,1
714,False,True,False,True,True,Other,Pre-Trial Motions,5
715,False,False,True,False,False,White,Pre-Trial Motions,3
716,False,False,False,True,False,White,Plea Bargaining,0
717,True,True,True,True,True,White,Pre-Trial Motions,0
718,True,False,True,True,False,Hispanic,Initial Hearing/Arraignment,2
719,False,True,False,True,False,Hispanic,Investigation,3
720,False,True,True,True,True,White,Initial Hearing/Arraignment,1
721,False,False,False,False,True,Black,Plea Bargaining,4
722,True,False,True,False,True,Hispanic,Plea Bargaining,5
723,False,False,False,False,True,Other,Plea Bargaining,2
724,False,False,True,False,False,Other,Investigation,0
725,True,False,True,True,True,Black,Initial Hearing/Arraignment,2
726,True,True,False,True,True,Black,Investigation,0
727,True,True,False,True,False,Other,Plea Bargaining,1
728,False,True,True,False,False,Hispanic,Pre-Trial Motions,0
729,True,True,False,True,False,White,Pre-Trial Motions,1
730,False,True,True,False,True,Black,Pre-Trial Motions,1
731,False,True,False,True,True,Hispanic,Pre-Trial Motions,3
732,False,False,False,False,True,White,Initial Hearing/Arraignment,3
733,False,False,True,False,False,Other,Pre-Trial Motions,4
734,False,False,True,False,False,Hispanic,Plea Bargaining,4
735,False,True,True,False,False,Hispanic,Plea Bargaining,1
736,False,True,False,True,False,Black,Initial Hearing/Arraignment,0
737,False,False,True,False,True,Hispanic,Initial Hearing/Arraignment,3
738,False,True,False,True,True,White,Plea Bargaining,0
739,True,True,False,True,False,Black,Initial Hearing/Arraignment,2
740,True,False,True,True,False,Black,Plea Bargaining,0
741,True,True,False,False,True,Black,Plea Bargaining,5
742,False,True,True,True,False,White,Initial Hearing/Arraignment,4
743,True,False,True,False,True,Black,Pre-Trial Motions,5
744,False,True,True,True,True,Black,Plea Bargaining,3
745,True,True,False,False,True,Hispanic,Pre-Trial Motions,1
746,True,False,True,True,True,Hispanic,Plea Bargaining,1
747,True,True,False,False,False,Black,Pre-Trial Motions,2
748,False,False,True,True,False,White,Pre-Trial Motions,4
749,False,False,True,True,False,White,Initial Hearing/Arraignment,1
750,False,False,False,False,False,Black,Initial Hearing/Arraignment,0
751,False,True,True,False,False,Hispanic,Pre-Trial Motions,3
752,True,False,False,False,False,White,Pre-Trial Motions,0
753,False,False,True,True,True,Other,Plea Bargaining,3
754,False,False,True,True,True,Other,Plea Bargaining,1
755,False,False,False,False,True,White,Investigation,0
756,False,True,True,False,False,Hispanic,Pre-Trial Motions,3
757,True,False,True,True,True,Other,Initial Hearing/Arraignment,3
758,True,True,True,True,False,Hispanic,Investigation,3
759,False,True,False,False,True,Hispanic,Plea Bargaining,2
760,True,True,True,False,True,White,Initial Hearing/Arraignment,2
761,False,True,True,True,False,Hispanic,Pre-Trial Motions,3
762,True,True,True,False,False,Other,Initial Hearing/Arraignment,4
763,False,False,False,True,False,Black,Plea Bargaining,4
764,False,False,False,True,False,Black,Investigation,5
765,True,True,True,True,False,Other,Pre-Trial Motions,0
766,False,True,True,True,False,Hispanic,Pre-Trial Motions,2
767,True,True,True,False,False,Hispanic,Initial Hearing/Arraignment,1
768,False,False,True,True,False,Hispanic,Investigation,3
769,True,False,False,True,False,Hispanic,Plea Bargaining,2
770,False,False,False,True,True,White,Investigation,4
771,True,True,True,False,False,White,Investigation,3
772,True,True,False,True,False,Other,Initial Hearing/Arraignment,5
773,True,True,True,True,False,Hispanic,Investigation,4
774,True,False,True,False,True,White,Initial Hearing/Arraignment,4
775,True,True,False,True,True,Other,Investigation,4
776,False,True,True,False,True,Other,Investigation,5
777,True,False,False,False,False,Black,Investigation,3
778,False,False,False,True,True,Hispanic,Pre-Trial Motions,4
779,False,False,True,False,False,Black,Plea Bargaining,3
780,True,True,False,False,True,White,Plea Bargaining,0
781,True,False,False,True,True,White,Plea Bargaining,4
782,False,True,True,True,False,Other,Pre-Trial Motions,2
783,True,True,False,True,True,White,Investigation,1
784,False,False,True,True,True,Black,Investigation,5
785,True,True,False,True,False,White,Plea Bargaining,4
786,True,False,False,False,False,White,Plea Bargaining,2
787,False,False,False,True,True,Black,Initial Hearing/Arraignment,1
788,True,False,False,False,True,White,Plea Bargaining,4
789,False,True,False,False,True,Black,Investigation,5
790,True,True,False,False,False,Black,Plea Bargaining,4
791,False,False,False,True,True,Black,Plea Bargaining,5
792,True,False,False,True,False,White,Investigation,1
793,True,True,False,False,True,Black,Plea Bargaining,5
794,True,True,False,True,True,Black,Investigation,1
795,False,True,False,False,True,Other,Pre-Trial Motions,0
796,False,False,True,False,True,White,Plea Bargaining,2
797,False,False,False,False,True,Other,Pre-Trial Motions,4
798,True,True,True,True,False,Hispanic,Initial Hearing/Arraignment,1
799,False,False,True,True,False,Other,Plea Bargaining,2
800,False,False,False,False,True,Black,Initial Hearing/Arraignment,3
801,True,True,True,True,False,Black,Investigation,5
802,False,False,False,False,False,Other,Investigation,0
803,True,False,True,False,False,White,Plea Bargaining,3
804,True,False,False,True,False,Black,Plea Bargaining,5
805,False,True,True,False,False,White,Initial Hearing/Arraignment,4
806,False,True,False,True,True,Black,Plea Bargaining,4
807,True,True,False,False,False,Other,Investigation,0
808,True,False,True,False,True,Black,Investigation,5
809,False,False,False,True,True,Hispanic,Pre-Trial Motions,5
810,True,False,False,False,False,White,Investigation,4
811,False,False,False,True,True,Black,Initial Hearing/Arraignment,4
812,True,True,True,True,True,Other,Initial Hearing/Arraignment,4
813,False,True,True,True,True,Black,Plea Bargaining,4
814,True,True,False,False,True,Other,Investigation,0
815,True,False,True,False,True,Hispanic,Pre-Trial Motions,2
816,False,False,False,True,True,Hispanic,Pre-Trial Motions,5
817,False,True,False,False,False,Black,Investigation,3
818,False,False,False,True,True,White,Initial Hearing/Arraignment,0
819,False,True,False,True,False,Hispanic,Initial Hearing/Arraignment,1
820,False,True,False,True,True,Other,Investigation,5
821,False,True,True,True,True,Hispanic,Investigation,1
822,True,False,False,True,True,White,Pre-Trial Motions,2
823,True,False,False,True,True,Other,Initial Hearing/Arraignment,3
824,False,False,True,False,True,Other,Plea Bargaining,1
825,True,True,False,True,True,White,Plea Bargaining,2
826,True,False,False,False,True,Other,Investigation,1
827,False,True,True,True,False,Other,Initial Hearing/Arraignment,1
828,True,False,False,False,False,Hispanic,Pre-Trial Motions,1
829,True,False,False,True,True,Hispanic,Pre-Trial Motions,4
830,False,False,False,False,False,Other,Investigation,1
831,True,True,False,True,False,White,Investigation,2
832,True,False,True,False,True,White,Plea Bargaining,4
833,False,False,False,False,False,Black,Plea Bargaining,3
834,False,False,False,False,False,Hispanic,Pre-Trial Motions,0
835,True,False,False,True,True,White,Plea Bargaining,4
836,True,True,False,False,True,Hispanic,Pre-Trial Motions,3
837,False,True,False,False,True,Other,Plea Bargaining,1
838,True,True,False,True,True,Black,Investigation,5
839,True,True,True,True,True,Other,Investigation,1
840,False,False,False,False,False,Other,Investigation,1
841,False,True,False,True,False,Black,Investigation,5
842,False,True,False,False,True,Hispanic,Initial Hearing/Arraignment,4
843,False,True,False,False,False,Hispanic,Investigation,0
844,False,False,True,False,False,White,Initial Hearing/Arraignment,1
845,False,True,False,True,False,Other,Pre-Trial Motions,0
846,True,False,True,True,True,Other,Plea Bargaining,1
847,False,True,False,True,False,Hispanic,Pre-Trial Motions,0
848,False,True,True,False,False,Black,Investigation,3
849,True,True,True,True,True,Black,Plea Bargaining,5
850,True,False,True,True,False,Other,Pre-Trial Motions,1
851,True,True,False,True,True,Other,Pre-Trial Motions,2
852,True,False,True,False,False,White,Pre-Trial Motions,3
853,True,False,True,False,True,White,Investigation,0
854,False,True,False,True,False,Hispanic,Plea Bargaining,3
855,False,False,True,True,True,Black,Plea Bargaining,2
856,True,False,True,False,False,Hispanic,Plea Bargaining,3
857,True,False,False,False,True,Hispanic,Investigation,2
858,True,True,False,False,False,White,Initial Hearing/Arraignment,1
859,False,False,False,False,False,Hispanic,Plea Bargaining,2
860,False,True,True,True,True,Black,Plea Bargaining,3
861,False,False,True,False,True,White,Plea Bargaining,4
862,False,False,False,True,True,White,Investigation,0
863,False,False,True,True,False,Other,Pre-Trial Motions,5
864,True,True,True,True,False,Hispanic,Initial Hearing/Arraignment,0
865,False,True,True,True,True,White,Investigation,3
866,True,False,False,False,False,White,Pre-Trial Motions,3
867,False,True,False,False,True,Black,Plea Bargaining,1
868,False,True,True,False,True,Hispanic,Investigation,3
869,False,False,False,False,False,Other,Initial Hearing/Arraignment,4
870,False,True,True,False,False,Black,Plea Bargaining,4
871,True,True,True,True,True,Other,Plea Bargaining,1
872,True,True,False,True,False,Other,Plea Bargaining,5
873,True,False,True,False,False,Hispanic,Investigation,2
874,False,False,True,True,True,Black,Initial Hearing/Arraignment,4
875,False,False,False,False,True,White,Initial Hearing/Arraignment,1
876,False,False,True,False,False,White,Plea Bargaining,4
877,False,True,True,True,True,Hispanic,Plea Bargaining,1
878,True,False,True,False,False,White,Pre-Trial Motions,1
879,True,True,True,False,True,White,Plea Bargaining,1
880,False,False,True,False,False,Other,Investigation,3
881,True,False,True,True,False,Black,Investigation,3
882,False,True,False,False,True,Black,Investigation,4
883,False,True,True,True,False,Hispanic,Plea Bargaining,3
884,True,False,True,True,True,Black,Plea Bargaining,1
885,True,False,False,False,False,Black,Investigation,5
886,False,False,False,False,False,Hispanic,Investigation,0
887,True,False,False,True,True,White,Investigation,3
888,True,True,False,False,False,Black,Pre-Trial Motions,3
889,False,False,False,False,False,Hispanic,Initial Hearing/Arraignment,4
890,True,True,True,False,True,White,Plea Bargaining,0
891,False,True,False,False,False,Other,Investigation,1
892,False,True,False,True,False,Other,Plea Bargaining,1
893,True,True,True,False,False,White,Pre-Trial Motions,2
894,False,True,True,False,False,Black,Investigation,4
895,False,True,False,True,False,Other,Investigation,0
896,False,True,False,True,False,Hispanic,Initial Hearing/Arraignment,4
897,True,False,True,True,False,Black,Investigation,5
898,True,True,False,True,True,White,Initial Hearing/Arraignment,2
899,False,False,True,True,False,White,Investigation,2
900,True,True,True,True,False,White,Investigation,4
901,False,False,False,False,False,White,Initial Hearing/Arraignment,2
902,True,False,False,True,True,Hispanic,Pre-Trial Motions,3
903,True,True,False,False,False,Other,Plea Bargaining,4
904,False,True,False,False,True,Other,Initial Hearing/Arraignment,1
905,True,True,False,False,False,Black,Pre-Trial Motions,4
906,False,True,False,True,True,Black,Investigation,3
907,True,True,False,False,False,White,Pre-Trial Motions,0
908,True,False,True,False,True,Black,Plea Bargaining,4
909,False,False,False,False,False,Other,Investigation,1
910,False,True,False,False,True,Hispanic,Initial Hearing/Arraignment,3
911,True,True,False,False,True,Hispanic,Pre-Trial Motions,4
912,True,True,True,False,False,Hispanic,Investigation,4
913,True,False,True,True,True,Black,Plea Bargaining,3
914,True,True,True,False,False,Other,Investigation,0
915,True,False,True,True,True,Other,Plea Bargaining,3
916,True,True,True,True,True,Black,Pre-Trial Motions,0
917,False,False,False,False,False,Black,Plea Bargaining,1
918,True,False,False,False,True,White,Plea Bargaining,1
919,False,False,False,False,False,Other,Plea Bargaining,3
920,True,True,False,True,False,Black,Plea Bargaining,4
921,False,True,False,True,True,Black,Plea Bargaining,2
922,True,False,True,True,False,Hispanic,Plea Bargaining,3
923,True,True,False,True,True,Hispanic,Investigation,2
924,True,True,False,False,True,Hispanic,Initial Hearing/Arraignment,2
925,False,True,True,False,False,Black,Investigation,5
926,True,False,False,True,True,Black,Plea Bargaining,5
927,True,False,False,True,True,Other,Plea Bargaining,0
928,True,False,False,False,False,Black,Initial Hearing/Arraignment,1
929,True,True,False,False,False,Black,Plea Bargaining,5
930,False,False,False,False,False,Hispanic,Pre-Trial Motions,0
931,False,True,False,False,True,Black,Plea Bargaining,4
932,False,False,False,True,True,Hispanic,Pre-Trial Motions,0
933,False,True,False,False,False,Hispanic,Initial Hearing/Arraignment,1
934,False,False,True,True,True,Hispanic,Pre-Trial Motions,4
935,True,False,False,False,True,White,Initial Hearing/Arraignment,2
936,True,True,True,False,True,Black,Plea Bargaining,4
937,True,False,False,False,True,White,Plea Bargaining,0
938,True,False,True,True,False,Other,Investigation,3
939,False,False,False,True,True,Black,Investigation,2
940,False,False,False,True,True,White,Pre-Trial Motions,1
941,False,False,True,True,False,White,Plea Bargaining,3
942,True,True,True,True,True,Black,Initial Hearing/Arraignment,4
943,True,True,False,False,False,Black,Pre-Trial Motions,1
944,False,True,False,False,False,Other,Plea Bargaining,1
945,True,False,True,True,True,Hispanic,Plea Bargaining,4
946,True,False,False,False,True,Black,Investigation,4
947,True,False,True,False,False,White,Plea Bargaining,0
948,True,True,True,False,False,White,Plea Bargaining,0
949,True,True,False,True,True,White,Investigation,0
950,True,True,True,True,False,Black,Investigation,3
951,True,False,False,False,True,Hispanic,Plea Bargaining,4
952,True,True,False,False,False,Black,Initial Hearing/Arraignment,1
953,False,True,False,True,False,White,Initial Hearing/Arraignment,1
954,True,False,False,True,True,Black,Investigation,3
955,False,True,True,False,True,Other,Investigation,3
956,False,False,True,False,True,Black,Investigation,4
957,True,False,False,False,True,Other,Plea Bargaining,3
958,False,True,True,True,False,White,Pre-Trial Motions,4
959,True,False,True,True,True,Black,Initial Hearing/Arraignment,0
960,False,True,False,True,False,Other,Investigation,3
961,False,True,False,False,False,Other,Pre-Trial Motions,2
962,True,False,True,False,False,Hispanic,Investigation,1
963,True,True,True,True,True,White,Plea Bargaining,4
964,False,False,False,False,False,White,Pre-Trial Motions,1
965,False,True,True,False,True,Hispanic,Plea Bargaining,1
966,False,False,True,True,False,Hispanic,Initial Hearing/Arraignment,3
967,False,True,False,False,False,Black,Plea Bargaining,4
968,True,True,True,True,True,Other,Pre-Trial Motions,3
969,False,True,True,False,True,White,Pre-Trial Motions,1
970,True,True,True,True,False,Hispanic,Investigation,0
971,True,True,True,True,False,Other,Pre-Trial Motions,0
972,False,False,False,True,True,Other,Plea Bargaining,2
973,False,True,False,True,False,Hispanic,Plea Bargaining,1
974,True,True,True,False,False,White,Pre-Trial Motions,1
975,True,True,False,True,False,White,Initial Hearing/Arraignment,4
976,False,True,True,False,True,White,Initial Hearing/Arraignment,2
977,True,False,True,True,False,White,Pre-Trial Motions,5
978,True,True,False,False,True,Hispanic,Investigation,3
979,True,True,False,True,False,White,Plea Bargaining,4
980,False,False,True,False,False,White,Pre-Trial Motions,0
981,False,True,True,True,False,Other,Pre-Trial Motions,1
982,True,False,False,False,True,White,Plea Bargaining,4
983,True,True,False,True,True,Other,Pre-Trial Motions,2
984,False,True,True,False,False,White,Pre-Trial Motions,0
985,False,False,True,True,False,White,Initial Hearing/Arraignment,3
986,True,True,False,True,False,White,Initial Hearing/Arraignment,5
987,False,False,False,True,True,White,Initial Hearing/Arraignment,4
988,False,True,True,True,True,White,Pre-Trial Motions,1
989,False,False,False,True,False,Other,Plea Bargaining,2
990,False,False,False,False,False,Black,Investigation,4
991,False,True,True,True,False,Black,Investigation,3
992,False,True,False,True,True,Other,Initial Hearing/Arraignment,0
993,False,True,True,False,False,Hispanic,Pre-Trial Motions,0
994,False,True,False,True,True,Hispanic,Initial Hearing/Arraignment,1
995,False,False,False,False,False,Hispanic,Plea Bargaining,3
996,True,True,False,False,True,White,Plea Bargaining,2
997,False,False,False,False,False,Other,Pre-Trial Motions,0
998,False,False,False,False,False,Hispanic,Initial Hearing/Arraignment,3
999,True,True,True,True,False,White,Pre-Trial Motions,2
